{"global_step": 16384, "_timestamp": 1719580120.071844, "_runtime": 86.34994316101074, "_step": 8, "charts/learning_rate": 0.00029784836806356907, "losses/value_loss": 0.033529140055179596, "losses/policy_loss": -0.052356671541929245, "losses/entropy": 10.826772689819336, "losses/old_approx_kl": 0.01642662286758423, "losses/approx_kl": 0.014362689107656479, "losses/clipfrac": 0.17998047173023224, "losses/explained_variance": 0.5822997689247131, "charts/SPS": 201.0, "_wandb": {"runtime": 86}}