{"global_step": 18432, "_timestamp": 1719583657.0164912, "_runtime": 98.17846322059631, "_step": 9, "charts/learning_rate": 3.333333370392211e-05, "losses/value_loss": 0.06507587432861328, "losses/policy_loss": -0.02899342216551304, "losses/entropy": 11.04837417602539, "losses/old_approx_kl": 0.0004114583134651184, "losses/approx_kl": 0.002008385956287384, "losses/clipfrac": 0.0009765625, "losses/explained_variance": 0.6012381315231323, "charts/SPS": 194.0, "_wandb": {"runtime": 97}}