{"global_step": 8192, "_timestamp": 1719583864.1343536, "_runtime": 83.26672768592834, "_step": 4, "charts/learning_rate": 0.00019999999494757503, "losses/value_loss": 0.04130512475967407, "losses/policy_loss": -0.04854103922843933, "losses/entropy": 11.129091262817383, "losses/old_approx_kl": 0.06580677628517151, "losses/approx_kl": 0.011232155375182629, "losses/clipfrac": 0.13227538764476776, "losses/explained_variance": 0.23986393213272095, "charts/SPS": 103.0, "_wandb": {"runtime": 167}}