{"global_step": 16384, "_timestamp": 1719582100.7180767, "_runtime": 91.38434863090515, "_step": 8, "charts/learning_rate": 0.00029784836806356907, "losses/value_loss": 0.03333331272006035, "losses/policy_loss": -0.04978066682815552, "losses/entropy": 10.859214782714844, "losses/old_approx_kl": 0.028245791792869568, "losses/approx_kl": 0.018549978733062744, "losses/clipfrac": 0.18061523139476776, "losses/explained_variance": 0.6108207702636719, "charts/SPS": 186.0, "_wandb": {"runtime": 98}}