{"_wandb": {"runtime": 2}, "global_step": 0, "_timestamp": 1719583487.0123713, "_runtime": 2.2764432430267334, "_step": 0}